{"cameraMode":{"drawMode":0,"name":"Shaded","section":"Shading Mode"},"sceneLighting":true,"audioPlay":false,"sceneViewState":{"showFog":false,"showMaterialUpdate":false,"showSkybox":false,"showFlares":false,"showImageEffects":false,"showParticleSystems":false},"in2DMode":false,"pivot":{"x":0.669921875,"y":2.8310546875,"z":-7.2138671875},"rotation":{"x":0.07492486387491226,"y":-0.011366071179509163,"z":0.0008569778874516487,"w":0.9971323609352112},"size":8.883445739746094,"orthographic":true}